YEAR_MONTH,PASSENGERS CARRIED
2023 SEP,7653673.144089709
2023 OCT,8135739.011850907
2023 NOV,8029600.212272193
2023 DEC,8047787.470462434
2024 JAN,7936036.937057434
2024 FEB,7658691.632821842
2024 MAR,7965843.419099732
2024 APR,8186361.598500765
2024 MAY,8396182.461644433
2024 JUN,8329161.566437612
2024 JUL,8389823.390658092
2024 AUG,8465403.590039497
