YEAR_MONTH,PASSENGERS CARRIED
2023 SEP,8117978.961195013
2023 OCT,8785451.984667096
2023 NOV,9260532.38100062
2023 DEC,9734608.94619559
2024 JAN,8874261.511271026
2024 FEB,8933345.754215337
2024 MAR,9445018.956951335
2024 APR,9273700.131157007
2024 MAY,8674814.406027963
2024 JUN,8791054.820828063
2024 JUL,8969745.940393815
2024 AUG,9219355.170913916
