YEAR_MONTH,PASSENGERS CARRIED
2023 SEP,6576873.172989991
2023 OCT,6736362.38781444
2023 NOV,6918353.757187964
2023 DEC,7118162.164829198
2024 JAN,6916808.7151794825
2024 FEB,6956929.026283671
2024 MAR,7150280.1473202435
2024 APR,7079752.451526763
2024 MAY,6894465.755792331
2024 JUN,6931899.499471108
2024 JUL,6985734.49858676
2024 AUG,7066577.955596783
