YEAR_MONTH,PASSENGERS CARRIED
2023 SEP,7425760.091369174
2023 OCT,7414744.622764844
2023 NOV,7273013.693650848
2023 DEC,7377666.0263482435
2024 JAN,8036466.082886717
2024 FEB,8017482.818397481
2024 MAR,7818263.469754067
2024 APR,7793826.369715622
2024 MAY,7865169.3429086115
2024 JUN,7972846.369193906
2024 JUL,8112915.786255048
2024 AUG,8161462.788459649
