YEAR_MONTH,PASSENGERS CARRIED
2023 SEP,8303186.886193053
2023 OCT,9035491.90463403
2023 NOV,9573353.40273843
2023 DEC,10108225.054394275
2024 JAN,9306749.516163632
2024 FEB,9669745.563446596
2024 MAR,10147184.878767867
2024 APR,10044223.883264696
2024 MAY,9492028.551113902
2024 JUN,9608905.841061654
2024 JUL,9807492.557647744
2024 AUG,10167465.595661554
