YEAR_MONTH,PASSENGERS CARRIED
2023 SEP,7946917.138799588
2023 OCT,7883807.89542754
2023 NOV,7998740.9055524105
2023 DEC,8196713.487416443
2024 JAN,7895556.408458389
2024 FEB,8023682.995993669
2024 MAR,8226889.512537382
2024 APR,8173907.782214568
2024 MAY,8465681.508760706
2024 JUN,8493986.04862433
2024 JUL,8324808.096504515
2024 AUG,8485208.496267835
